{
  "Component-preload.js": 1635583449431,
  "controller/Worklist.controller.js": 1635527940426,
  "model/models.js": 1635527940428,
  "model/formatter.js": 1635527940428,
  "manifest.json": 1635583449159,
  "controller/Object.controller.js": 1635527940389,
  "controller/NotFound.controller.js": 1635527940389,
  "controller/ErrorHandler.js": 1635527940389,
  "controller/BaseController.js": 1635527940389,
  "controller/App.controller.js": 1635527940389,
  "Component.js": 1635527940388,
  "manifest-bundle.zip": 1635583449171,
  "i18n/i18n.properties": 1635527940427,
  "controller/Object-dbg.controller.js": 1635527940389,
  "model/formatter-dbg.js": 1635527940428,
  "controller/Worklist-dbg.controller.js": 1635527940426,
  "model/models-dbg.js": 1635527940428,
  "controller/NotFound-dbg.controller.js": 1635527940389,
  "controller/ErrorHandler-dbg.js": 1635527940389,
  "controller/BaseController-dbg.js": 1635527940389,
  "controller/App-dbg.controller.js": 1635527940389,
  "Component-dbg.js": 1635527940388,
  "view/Worklist.view.xml": 1635527940511,
  "view/ObjectNotFound.view.xml": 1635527940511,
  "view/Object.view.xml": 1635527940510,
  "view/NotFound.view.xml": 1635527940510,
  "view/App.view.xml": 1635527940510,
  "index.html": 1635527940427
}